# Powder_Size,Laser_Spot,Laser_Power,Scanning_Speed,Hatch_Distance,Layer_Thickness,Sample_Area,Sample_Length,Yield_Strength
-8.586597364626836759e-01,1.392009262620085508e+00,1.395526985774036277e-01,7.811998360367803373e-01,3.939098539113635056e+00,-7.401261516268231588e-01,-3.194817941555748164e-01,-8.018745965935731856e-01,-6.503393524535259207e-01
-8.586597364626836759e-01,1.392009262620085508e+00,1.395526985774036277e-01,7.811998360367803373e-01,3.057465256586656022e+00,-7.401261516268231588e-01,-3.194817941555748164e-01,-8.018745965935731856e-01,-2.435263265776674568e-01
2.952879690443935279e-01,1.392009262620085508e+00,5.011710012618709742e-01,4.996443395758937700e-01,2.175831974059676988e+00,-7.401261516268231588e-01,1.114237610355844010e+00,-5.992014571508267329e-01,-7.755125911845591746e-01
-8.586597364626836759e-01,1.392009262620085508e+00,1.395526985774036277e-01,7.811998360367803373e-01,1.294198691532697731e+00,-7.401261516268231588e-01,-3.194817941555748164e-01,-8.018745965935731856e-01,2.728132831878451459e-01
-5.051381850645618732e-01,1.392009262620085508e+00,9.079915917818967008e-01,2.180888431150071749e-01,1.294198691532697731e+00,-1.155907975734198068e-01,1.114237610355844010e+00,1.224856797833890676e+00,1.185795593182320085e+00
