# Powder_Size,Laser_Spot,Laser_Power,Scanning_Speed,Hatch_Distance,Layer_Thickness,Sample_Area,Sample_Length,Elongation
1.618836100262342759e-01,2.801146155988293085e+00,3.945835070728378850e-03,2.180888431150071749e-01,-4.690678735212603367e-01,-7.401261516268231588e-01,-4.628537346067166935e-01,-9.032111663149463565e-01,1.851104670012601594e-02
-8.586597364626836759e-01,1.392009262620085508e+00,1.395526985774036277e-01,7.811998360367803373e-01,3.057465256586656022e+00,-7.401261516268231588e-01,-3.194817941555748164e-01,-8.018745965935731856e-01,3.965964134220829607e-01
2.952879690443935279e-01,1.392009262620085508e+00,5.011710012618709742e-01,7.811998360367803373e-01,2.175831974059676988e+00,-7.401261516268231588e-01,1.114237610355844010e+00,-5.992014571508267329e-01,2.461524185518923602e+00
-8.586597364626836759e-01,1.392009262620085508e+00,1.395526985774036277e-01,7.811998360367803373e-01,4.125654090057186973e-01,-7.401261516268231588e-01,-3.194817941555748164e-01,-8.018745965935731856e-01,6.001808416569824889e-01
-1.049251080100842004e-01,1.392009262620085508e+00,5.011710012618709742e-01,7.811998360367803373e-01,2.175831974059676988e+00,-7.401261516268231588e-01,-7.137546303962150063e-01,-1.764572008946618364e+00,3.093459441785542663e-01
